id,conversation
g_001,"주말에 뭐 했어?","나는 집에서 뒹굴뒹굴했지. 너는?","나는 친구 만나서 영화 봤어. '서울의 봄' 봤는데 완전 대박이야.","아, 그거 나도 보고 싶었는데! 어땠어?","진짜 시간 가는 줄 모르고 봤네. 배우들 연기가 장난 아니야. ㅋㅋ","그래? 다음 주에 보러 가야겠다.","응응, 완전 추천해! 후회 안 할 걸?","알았어, 고마워! 주말 마무리 잘 해~"
g_002,"오늘 날씨 진짜 좋다, 그치?","응, 완전 봄 날씨야. 어디 놀러 가고 싶다.","인정! 우리 주말에 가까운 데라도 갈까?","좋아! 어디 생각하는 데 있어?","음... 한강 가서 치맥 어때?","헐, 완전 좋지! 생각만 해도 설렌다. ㅋㅋ","그럼 토요일에 시간 괜찮아?","응, 괜찮아! 그때 보자!","그래! 자세한 건 또 얘기하자."
g_-003,"요즘 뭐 새로운 취미라도 생겼어?","나 요즘 베이킹 시작했어. 생각보다 재밌더라.","오, 진짜? 대단하다! 나는 엄두도 못 내는데.","아니야, 너도 할 수 있어. 유튜브 보고 따라 하면 쉬워.","정말? 나도 한번 도전해볼까? 쿠키 같은 거.","좋아! 처음엔 간단한 것부터 시작해 봐.","응, 그래야겠다. 혹시 모르는 거 있으면 물어봐도 돼?","당연하지! 언제든지 물어봐. ㅋㅋ"
g_004,"오늘 저녁 뭐 먹지? 매일 하는 고민이야. ㅋㅋ","인정. ㅋㅋ 나는 오늘 떡볶이 땡기는데, 어때?","오, 떡볶이! 좋아. 어디 맛있는 데 있어?","우리 동네에 새로 생긴 데 있는데, 리뷰가 엄청 좋더라.","그래? 그럼 거기 가볼까?","좋아! 내가 지금 링크 보내줄게.","알았어! 보고 연락할게.","응, 이따 봐~"
g_005,"어제 그 드라마 마지막 회 봤어?","당연히 봤지! 완전 대박이었어.","그치? 마지막에 반전 있을 줄은 상상도 못 했네.","인정. 작가 진짜 천재인 것 같아. ㅋㅋ","다음 시즌도 나오겠지?","무조건 나올 것 같아. 이렇게 끝낼 순 없어.","제발... 빨리 다음 시즌 나왔으면 좋겠다.","그러게 말이야. 한 1년은 기다려야겠지? ㅠㅠ","아마도... 기다리는 동안 정주행이나 다시 해야겠다."
g_006,"요즘 운동 뭐 해?","나 필라테스 시작했어. 자세 교정에 좋다고 해서.","아, 진짜? 어때? 할 만해?","처음엔 좀 힘든데, 하다 보니 시원하고 좋더라.","나도 운동 뭐 하나 해야 되는데... 계속 고민만 하고 있네.","필라테스 추천해! 같이 다닐래?","오, 정말? 그래주면 나야 고맙지!","ㅋㅋ 그럼 다음 주에 상담받으러 같이 가자.","알았어! 연락 줘."
g_007,"이번 주말에 뭐 특별한 계획 있어?","나 친구들이랑 글램핑 가기로 했어.","우와, 진짜 재밌겠다! 어디로 가?","가평 쪽으로 예약했어. 날씨도 좋았으면 좋겠다.","요즘 날씨 좋아서 괜찮을 거야. 사진 많이 찍어 와!","당연하지! ㅋㅋ 너는 주말에 뭐 해?","나는 그냥 집에서 쉬려고. 밀린 드라마나 봐야지.","그것도 좋네. ㅋㅋ 푹 쉬어!","응, 너도 재밌게 놀다 와~"
g_008,"오늘 점심 뭐 먹을까?","글쎄... 어제 고기를 먹어서 그런지 오늘은 좀 가벼운 게 땡기네.","그럼 샐러드 어때? 새로 생긴 샐러드 가게 괜찮던데.","오, 좋아! 어디 있는데?","회사 근처에 바로 있어. 걸어서 5분?","헐, 완전 가깝네. 거기 가자!","그래. 12시에 나가면 되겠지?","응, 그때 봐!","오케이~"
g_009,"너 이번 여름휴가 계획 짰어?","아니, 아직... 어디로 가야 할지 모르겠어.","나는 친구랑 제주도 가려고!","오, 제주도! 좋다. 비행기 표는 샀어?","응, 저번에 특가로 떠서 바로 예매했지. ㅋㅋ","대박, 부지런하다. 나도 빨리 알아봐야겠다.","응, 시간 얼마 안 남았으니까 서둘러!","알았어. 조언 고마워!","천만에~"
g_010,"요즘 들을 만한 노래 있으면 추천 좀 해줘.","나 요즘 아이유 신곡 계속 듣고 있어. 완전 내 스타일이야.","아, 나도 들어봤어! 좋더라.","그치? 목소리가 진짜 보물인 것 같아.","인정. 플레이리스트에 바로 추가해야겠다. ㅋㅋ","응응. 너는 요즘 뭐 들어?","나는 잔나비 노래에 빠져있어. 옛날 감성이라 좋더라고.","아, 잔나비! 나도 좋아해. 우리 취향 좀 통하는데? ㅋㅋ","그러게. ㅋㅋ 괜히 반갑네."
g_011,"오늘따라 왜 이렇게 피곤하지... 커피 마셔도 잠이 안 깨네.","어제 늦게 잤어?","응... 유튜브 보다가 새벽 2시에 잤어. ㅠㅠ","ㅋㅋ 유튜브가 문제야, 문제. 오늘은 일찍 자.","알았어... 너는 안 피곤해 보여.","나는 어제 11시부터 잤지. 완전 꿀잠 잤어.","부럽다... 나도 오늘부턴 일찍 자야지.","그래. 컨디션 관리 잘 해야지.","응. 걱정해 줘서 고마워~"
g_012,"새로 나온 아이폰 봤어? 디자인 완전 예쁘던데.","봤어! 근데 가격이 너무 사악해. ㅋㅋ","인정... 예쁜 쓰레기랄까. ㅋㅋ 그래도 갖고 싶다.","나도. ㅋㅋ 그냥 구경만 하는 걸로 만족해야지.","하... 돈 많이 벌어야겠다.","그러게. 우리 힘내자. ㅋㅋ","응! 파이팅!","파이팅! ㅋㅋ"
g_013,"이번 주에 소개팅하는데, 뭐 입고 가지?","오, 진짜? 좋겠다! 깔끔하게 입는 게 최고지.","셔츠에 슬랙스 입을까 생각 중인데, 너무 꾸민 것 같나?","아니, 완전 괜찮은데? 제일 무난하고 깔끔하잖아.","그런가? 그럼 그렇게 입고 가야겠다.","응! 잘하고 와. ㅋㅋ","고마워. 갔다 와서 후기 들려줄게.","오케이, 기다리고 있을게!"
g_014,"오늘따라 길에 사람이 왜 이렇게 많지?","그러게. 무슨 행사라도 하나?","아, 오늘 근처에서 플리마켓 연다고 들은 것 같아.","아, 그래서 그렇구나. 우리도 구경하러 갈까?","좋아! 재밌는 거 많을 것 같은데?","그래, 가보자! 배고픈데 거기서 뭐 사 먹어도 되겠다.","ㅋㅋ 좋아. 빨리 가보자.","응!"
g_015,"요즘 살이 너무 쪄서 걱정이야. 다이어트해야 되는데.","나도... 맨날 말로만 다이어트 중이야. ㅋㅋ","우리 같이 운동이라도 할까? 자극받아서 더 열심히 할 수 있을 것 같은데.","좋아! 무슨 운동 할까? 헬스는 재미없을 것 같고.","음... 방송 댄스는 어때? 재밌게 살 뺄 수 있을 것 같은데.","헐, 완전 재밌겠다! 그거 하자!","그래! 그럼 학원 한번 알아볼까?","응, 내가 지금 바로 검색해볼게.","좋았어!"
g_016,"어제 길 가다가 고양이 봤는데 너무 귀여웠어.","헐, 진짜? 나 고양이 완전 좋아하는데.","그치? 한참 동안 쳐다보다가 왔네. 나도 고양이 키우고 싶다.","나도... 근데 혼자 살아서 엄두가 안 나.","맞아. 외로울까 봐 걱정돼.","나중에 결혼하면 꼭 키울 거야.","나도! 그때까지는 랜선 집사로 만족해야지. ㅋㅋ","ㅋㅋ 그러게. 귀여운 고양이 영상이나 봐야겠다.","나도! ㅋㅋ"
g_017,"오늘 미세먼지 최악이다. 목이 칼칼하네.","인정. 마스크 꼭 끼고 다녀야 돼.","응, 너도. 이런 날은 진짜 외출하기 싫다.","그러게. 그냥 집에서 창문 닫고 있는 게 최고야.","맞아. 퇴근하고 바로 집으로 가야겠다.","응. 괜히 돌아다니지 말고.","알았어. 너도 조심해서 들어가.","그래~"
g_018,"이번 생일 선물로 뭐 받고 싶어?","음... 딱히 생각나는 게 없는데. 그냥 마음만 받을게. ㅋㅋ","에이, 그래도 말해봐. 사주고 싶어서 그래.","정말? 그럼... 향수? 요즘 쓰던 거 다 써가서.","오, 좋아! 어떤 향 좋아하는데?","나는 좀 시원하고 상쾌한 향이 좋더라.","알았어. 내가 센스 있게 한번 골라볼게.","ㅋㅋ 고마워. 기대하고 있을게.","오케이~"
g_019,"어제 회식 때 너무 달렸나 봐. 속이 안 좋아.","ㅋㅋ 어쩐지 어제 엄청 신나 보이더라.","그랬나? 필름 끊겼는데... 나 뭐 실수한 거 없어?","없었어, 걱정 마. ㅋㅋ 그냥 기분 좋게 놀았어.","다행이다. 휴. 오늘은 해장이나 해야겠다.","응. 짬뽕 어때?","헐, 완전 좋지. 점심에 짬뽕 먹으러 가자.","그래! 내가 맛집 알아볼게.","고마워!"
g_020,"요즘 보는 웹툰 있어?","나 '이번 생도 잘 부탁해' 보고 있는데 완전 재밌어.","아, 그거 유명하던데! 나도 한번 봐볼까?","응, 그림체도 예쁘고 내용도 흥미진진해.","오, 끌리는데? 오늘부터 정주행 시작이다.","ㅋㅋ 재밌게 봐. 다 보고 얘기하자.","알았어. 너는 그거 말고 또 보는 거 없어?","음... '유미의 세포들'도 재밌게 보고 있어.","아, 그것도 유명하지! 볼 게 많네. ㅋㅋ"
g_021,"오늘 점심은 뭐 먹을까? 어제 먹은 파스타가 아직도 생각나네.","ㅋㅋ 진짜 맛있었지? 오늘은 한식 어때? 김치찌개 같은 거.","오, 좋다! 어제 좀 느끼하게 먹었더니 칼칼한 게 땡겼어.","그럼 회사 앞에 있는 김치찌개 집 갈까? 거기 괜찮던데.","그래, 거기 가자. 12시에 나갈까?","응, 좋아. 이따 봐!","오케이!"
g_022,"너 어제 '나는 솔로' 봤어?","당연히 봤지! 어제 완전 역대급이었잖아. ㅋㅋ","그치? 옥순이랑 영수랑 결국 그렇게 될 줄이야.","인정. ㅋㅋ 다음 주 예고편 보니까 더 재밌겠던데.","맞아, 빨리 다음 주 왔으면 좋겠다.","그러게 말이야. 이거 보는 낙에 산다, 진짜.","ㅋㅋ 완전 공감.","우리 다음 주에 본방 같이 볼래? 치킨 시켜서.","헐, 완전 좋아! 당연히 콜이지."
g_023,"요즘 날씨가 너무 더워서 입맛이 없어.","나도... 그래서 어제 저녁은 그냥 냉면 먹었어.","아, 냉면! 시원하고 맛있겠다. 나도 오늘 냉면 먹을까.","응. 더울 땐 시원한 게 최고야.","근데 여기 근처에 냉면 맛집이 있나?","음... 내가 알기론 없어. 배달시켜 먹어야 할 듯.","아, 그렇구나. 알았어, 고마워!","별말을. ㅋㅋ 맛있게 먹어."
g_024,"주말에 방 대청소했는데, 아직도 허리가 아프네.","헐, 고생했네. 왜 갑자기 대청소를 했어?","곧 여름이라 여름 옷 꺼내고 겨울 옷 정리했지.","아, 나도 해야 되는데... 엄두가 안 난다.","ㅋㅋ 날 잡고 해야 돼. 안 그러면 계속 미루게 되잖아.","맞아... 나도 이번 주말엔 꼭 해야겠다.","응, 힘내! ㅋㅋ 하고 나면 뿌듯하긴 해.","그렇겠지? 나도 그 뿌듯함 한번 느껴보자."
g_025,"오늘 아침에 버스 놓쳐서 택시 타고 왔잖아. 돈 아까워 죽겠네.","헐, 아침부터 고생했네. 왜 놓쳤어?","어제 늦게 자서 늦잠 잤지 뭐...","ㅋㅋ 일찍 좀 자지.","그러게 말이야. 오늘부턴 진짜 일찍 잘 거야.","작심삼일 아니야? ㅋㅋ","이번엔 진짜야! 두고 보라고.","알았어, 알았어. ㅋㅋ"
g_026,"나 다음 달에 제주도로 여행 가!","우와, 진짜? 좋겠다! 누구랑 가?","친구랑 둘이서 가. 3박 4일로.","완전 재밌겠다. 계획은 다 짰어?","아니, 이제 짜야 돼. ㅋㅋ 혹시 제주도 맛집 아는 데 있어?","당연하지! 내가 리스트 쫙 뽑아줄게.","헐, 진짜? 완전 고마워!","천만에. ㅋㅋ 재밌게 놀다 와.","응!"
g_027,"회사 근처에 새로 생긴 카페 가봤어? 인테리어 엄청 예쁘던데.","아, 거기? 나도 지나가면서 봤는데. 아직 가보진 못했어.","우리 오늘 점심 먹고 거기 가볼까?","좋아! 커피 맛은 어떠려나?","리뷰 보니까 커피도 맛있대. 디저트도 유명하고.","오, 기대된다. 밥 빨리 먹고 가자.","ㅋㅋ 알았어.","이따 봐~"
g_028,"요즘 너무 피곤해서 어깨랑 목이 다 뭉쳤어.","나도... 하루 종일 컴퓨터 앞에 앉아있으니까 어쩔 수 없나 봐.","우리 주말에 마사지 받으러 갈까?","헐, 완전 좋아! 생각만 해도 시원하다.","그치? 내가 잘하는 곳 아는데, 거기로 예약할까?","응! 좋아. 얼마야?","1시간에 5만 원이었던 것 같아.","오, 가격도 괜찮네. 바로 예약해 줘!","알았어. ㅋㅋ"
g_029,"이번 주 금요일에 우리 팀 회식하는 거 알지?","응, 들었어. 어디로 간대?","이번엔 소고기 먹으러 간대. 부장님이 쏘신다고. ㅋㅋ","헐, 대박! 진짜?","응. ㅋㅋ 그러니까 꼭 참석해야 돼.","당연하지! 무조건 가야지.","ㅋㅋ 그래. 그때 보자.","응!"
g_030,"너 MBTI 뭐야?","나 INFP. 너는?","나는 ENFJ! 우리 완전 반대네. ㅋㅋ","그러게. ㅋㅋ 그래도 신기하게 잘 맞는다, 우리.","인정. ㅋㅋ 서로 다른 점에 끌리는 건가.","그런가 봐. ㅋㅋ MBTI는 그냥 재미로 보는 거지.","맞아. 너무 맹신하면 안 돼.","응응."
g_031,"오늘따라 유난히 일이 손에 안 잡히네. 집중이 안 돼.","나도 그래. 월요병인가...","그런가 봐. 벌써부터 집에 가고 싶다. ㅋㅋ","인정. ㅋㅋ 우리 점심 맛있는 거 먹고 힘내자.","좋아! 뭐 먹을까?","음... 돈까스 어때? 바삭한 거 먹으면 기분 좋아질 것 같아.","오, 좋다! 돈까스 먹으러 가자.","그래! 조금만 더 힘내자.","응!"
g_032,"나 어제 길에서 만 원 주웠어. ㅋㅋ","헐, 대박! 웬 떡이야.","그치? 그걸로 바로 로또 샀잖아.","ㅋㅋ 잘했네. 당첨되면 나 잊으면 안 돼.","당연하지! 너는 뭐 사줄까?","나는 샤넬백. ㅋㅋ","너무 비싼 거 아니야? ㅋㅋ 1등 되면 생각해볼게.","알았어, 기대하고 있을게. ㅋㅋ"
g_033,"요즘 유튜브로 뭐 봐? 재밌는 채널 있으면 추천 좀 해줘.","나 '피식대학'에 빠져있잖아. 완전 웃겨.","아, 나도 가끔 봐! 재밌더라.","그치? 특히 'B대면데이트'가 레전드야.","인정. ㅋㅋ 그거 보고 엄청 웃었네.","너는 뭐 봐?","나는 '슈카월드' 자주 봐. 경제 얘기 쉽게 해줘서 좋더라고.","아, 나도 들어봤어. 한번 봐야겠다.","응, 추천해!"
g_034,"친구가 결혼한다고 청첩장을 줬는데, 기분이 이상하더라.","아, 진짜? 벌써 결혼할 나이가 됐나 싶고 그렇지?","응, 맞아. ㅋㅋ 부럽기도 하고, 나는 언제 하나 싶기도 하고.","그러게 말이야. 남 얘기 같지가 않네.","축의금은 얼마 해야 될까? 그것도 고민이야.","친한 친구면 10만 원은 해야 되지 않을까?","그런가? 알았어. 조언 고마워.","별말을."
g_035,"이번 주말에 소개팅하기로 했어. 너무 떨린다.","헐, 진짜? 어디서 만나기로 했어?","강남역에서 만나서 파스타 먹기로 했어.","오, 분위기 좋겠다. 옷은 뭐 입고 갈 거야?","그게 고민이야. 너무 꾸민 것 같지도 않고, 너무 편하지도 않게 입고 싶은데.","음... 원피스 어때? 여성스러워 보이고 좋을 것 같은데.","그런가? 한번 찾아봐야겠다.","응. 잘하고 와! ㅋㅋ","고마워!"
g_036,"오늘 아침에 지하철에 사람 너무 많아서 깔려 죽는 줄 알았어.","인정. 출근길은 진짜 지옥이야.","그러게 말이야. 매일 겪는 건데도 적응이 안 돼.","맞아. 이럴 때마다 차 사고 싶다는 생각이 든다니까.","나도... 돈 많이 벌어서 꼭 차 사야지.","우리 힘내자. ㅋㅋ","응! 파이팅!"
g_037,"어제 남자친구랑 사소한 걸로 다퉜어.","헐, 왜? 무슨 일 있었어?","내가 연락이 좀 뜸했다고 삐졌더라고.","아, 그랬구나. 지금은 화해했어?","아니, 아직... 내가 먼저 연락해봐야겠지?","음... 그래도 남자가 먼저 사과해야 되는 거 아니야?","그런가? 조금만 더 기다려볼까.","응. 너무 속상해하지 마.","알았어. 고마워."
g_038,"요즘 회사 일이 너무 많아서 힘들어. 맨날 야근이야.","헐, 어떡해. 힘들겠다.","응... 주말에도 출근해야 될 것 같아.","너무 무리하지 마. 그러다 병나.","알았어. 걱정해 줘서 고마워.","내가 뭐 도와줄 일은 없어?","아니야, 괜찮아. 마음만으로도 고마워.","그래. 힘내!","응!"
g_039,"우리 동네에 새로운 맛집 생겼는데, 가볼래?","오, 진짜? 어떤 맛집인데?","일본 가정식 파는 곳인데, 분위기도 좋고 맛있대.","헐, 완전 내 스타일인데? 당연히 가야지!","ㅋㅋ 그럼 이번 주 토요일 저녁 어때?","좋아! 그때 보자.","응, 내가 예약해놓을게.","고마워!"
g_040,"벌써 11월이네. 시간이 왜 이렇게 빠르지?","인정. 올해도 이제 두 달밖에 안 남았어.","그러게. 연초에 세웠던 계획들 다 지켰어?","아니... 하나도 못 지킨 것 같은데. ㅋㅋ 너는?","나도 마찬가지야. ㅋㅋ 다시 새해 되면 계획 세워야지.","ㅋㅋ 매년 반복이야.","그래도 내년엔 꼭 지켜보자.","그래! 약속!"
g_041,"주말에 뭐 특별한 계획 있어?","나 이번 주말에 친구 결혼식 가야 돼.","아, 진짜? 누구 결혼하는데?","대학교 동기. 갑자기 연락 와서 깜짝 놀랐잖아.","ㅋㅋ 그래도 좋은 소식이네. 가서 축하해주고 와.","응, 그래야지. 너는 주말에 뭐 해?","나는 집에서 푹 쉬려고. 요즘 너무 피곤해서.","그것도 좋네. ㅋㅋ 푹 쉬어.","응, 너도 잘 다녀와."
g_042,"오늘 날씨 왜 이렇게 흐리지? 비 오려나.","일기예보 보니까 오후에 비 소식 있더라.","아, 진짜? 우산 안 가져왔는데.","나 우산 2개 있는데, 하나 빌려줄까?","헐, 정말? 그래주면 너무 고맙지!","천만에. ㅋㅋ 이따 퇴근할 때 말해.","응, 알았어. 고마워!","별말을."
g_043,"요즘 보는 드라마 있어?","나 '재벌집 막내아들' 보고 있는데 완전 재밌어.","아, 그거! 주변에서 다들 재밌다고 하던데.","응, 꼭 봐. 시간 가는 줄 모르고 보게 될걸. ㅋㅋ","알았어. 오늘부터 정주행 시작이다.","ㅋㅋ 재밌게 봐.","응. 너는 그거 말고 또 보는 거 없어?","음... 요즘엔 그거 하나만 보고 있어.","그렇구나."
g_044,"점심 먹고 나니까 너무 졸리다.","나도... 커피 마셨는데도 잠이 안 깨네.","이럴 땐 잠깐이라도 자는 게 좋은데.","맞아. 옥상 가서 잠깐 바람이라도 쐬고 올까?","좋아! 같이 가자.","응, 가자.","시원하다. ㅋㅋ","그러게. 좀 깨는 것 같네."
g_045,"다음 주에 부모님 결혼기념일인데, 선물 뭐 해드리지?","오, 벌써? 좋겠다. 음... 커플 잠옷은 어때?","오, 괜찮은데? 부모님도 좋아하실 것 같아.","그치? 아니면 같이 식사하는 것도 좋고.","식사는 당연히 같이 해야지. ㅋㅋ 선물은 잠옷으로 해야겠다.","그래. 좋은 생각이야.","고마워! 덕분에 고민 해결했네.","천만에. ㅋㅋ"
g_046,"너 주식 해?","아니, 나는 안 해. 무서워서. ㅋㅋ","나도 그랬는데, 친구가 하도 추천해서 조금 시작해봤어.","오, 진짜? 수익률은 어때?","아직은 마이너스야. ㅠㅠ 역시 아무나 하는 게 아닌가 봐.","ㅋㅋ 그래도 너무 상심하지 마. 오를 수도 있잖아.","그랬으면 좋겠다. 휴.","힘내! ㅋㅋ"
g_047,"오늘 저녁에 뭐 먹을까?","글쎄... 어제 치킨 먹었으니까 오늘은 피자 어때?","헐, 나 지금 딱 피자 생각하고 있었는데. 통했다!","ㅋㅋ 진짜? 그럼 피자 먹자. 어디 거 시킬까?","나는 도미노피자 좋아해. 신메뉴 나왔던데, 그거 먹어볼까?","좋아! 그걸로 시키자. 내가 주문할게.","응, 알았어. 고마워!","천만에."
g_048,"요즘 연말이라 그런지 약속이 너무 많다.","나도... 이번 주에만 약속이 3개야.","헐, 진짜? 힘들겠다.","응. 그래도 오랜만에 친구들 만나는 거라 좋긴 해.","그건 그래. ㅋㅋ 재밌게 놀아.","응. 너도 연말 잘 보내.","너도~"
g_049,"오늘 아침에 화장하는데, 화장이 너무 안 먹어서 짜증 났어.","헐, 왜? 피부가 건조해서 그런가?","그런가 봐. 요즘 히터를 너무 많이 쐬서 그런지 푸석푸석해.","나 좋은 수분크림 아는데, 추천해줄까?","오, 진짜? 뭔데?","'닥터자르트' 세라마이딘 크림. 보습력 장난 아니야.","아, 그거! 유명하던데. 나도 한번 써봐야겠다.","응, 추천해! 올리브영에서 세일할 때 사면 저렴해.","알았어, 고마워!"
g_050,"우리 내일 영화 보러 가기로 한 거 맞지?","응, 맞아. 7시 반에 강남역에서 보기로 했잖아.","알았어. 혹시 늦을 수도 있으니까 늦으면 연락할게.","응. 너무 늦지는 말고.","알았어. ㅋㅋ 내일 봐.","그래~"
g_051,"너 어제 회식 때 괜찮았어? 술 많이 마시던데.","아, 그랬나? 기억이 잘 안 나. ㅋㅋ 나 뭐 실수한 거 없어?","없었어, 걱정 마. ㅋㅋ 그냥 좀 신나 보였어.","다행이다. 휴. 오늘은 좀 쉬어야겠다.","응, 푹 쉬어. 해장하고.","그래야지. 너는 괜찮아?","나는 괜찮아. 어제 별로 안 마셨거든.","부럽다. ㅋㅋ"
g_052,"다음 달에 월급 타면 뭐 할 거야?","나는 쇼핑하려고. ㅋㅋ 사고 싶었던 옷이 있거든.","오, 좋겠다. 나는 적금부터 넣어야지.","대단하다. 나는 돈 모으기가 왜 이렇게 힘들지.","나도 힘들어. ㅋㅋ 그래도 꾸준히 넣으려고 노력 중이야.","본받아야겠다. 나도 다음 달부터는 진짜 적금 넣을 거야.","그래. 같이 힘내자. ㅋㅋ","응!"
g_053,"요즘 길거리에 캐럴이 들리니까 연말 분위기 난다.","맞아. 벌써 크리스마스가 다가온다니, 신기하다.","그러게. 이번 크리스마스에는 뭐 할 거야?","나는 그냥 집에서 가족들이랑 보낼 것 같아. 너는?","나는 친구들이랑 파티하려고!","우와, 재밌겠다. 사진 많이 찍어.","당연하지. ㅋㅋ 너도 가족들이랑 좋은 시간 보내.","응, 고마워."
g_054,"오늘 점심 뭐 먹지? 어제 먹은 족발이 아직도 소화가 안 되는 것 같아.","ㅋㅋ 그럼 오늘은 좀 가벼운 거 먹자. 샌드위치 어때?","오, 좋다. 어디 맛있는 데 있어?","응. 회사 근처에 '서브웨이' 있잖아. 거기 가자.","아, 맞다. 좋아, 거기 가자.","그래. 12시에 나가자.","응, 이따 봐."
g_055,"너 혹시 운전면허 있어?","응, 있어. 근데 장롱면허야. ㅋㅋ","나도. ㅋㅋ 연수받아야 되는데, 계속 미루고 있네.","나도... 혼자 하기는 무섭고, 옆에 누가 타는 건 싫고.","인정. ㅋㅋ 그래도 언젠가는 해야 될 텐데.","맞아. 내년에는 꼭 연수받자.","그래. 약속!","도장까지 찍을까? ㅋㅋ"
g_056,"이번 주말에 미용실 가서 머리하려고. 어떤 스타일이 좋을까?","오, 진짜? 단발은 어때? 잘 어울릴 것 같은데.","단발? 한 번도 안 해봐서 좀 걱정되는데.","아니야, 완전 잘 어울릴 거야. 시원해 보이고.","그런가? 한번 도전해볼까.","응! 새로운 스타일로 기분 전환도 하고 좋잖아.","알았어. 너 믿고 한번 해본다. ㅋㅋ","ㅋㅋ 후회 안 할 걸?"
g_057,"어제 오랜만에 친구 만나서 수다 떨었더니 스트레스가 확 풀렸어.","진짜? 좋았겠다. 무슨 얘기 했어?","그냥 뭐 사는 얘기, 회사 얘기, 연애 얘기... 별거 없어. ㅋㅋ","그래도 친구랑 얘기하면 시간이 훌쩍 가고 재밌지.","응, 맞아. 너도 요즘 힘든 일 있으면 나한테 말해.","알았어, 고마워. 너밖에 없다.","ㅋㅋ 당연하지. 우리 사이에.","히히."
g_058,"오늘따라 커피가 왜 이렇게 맛이 없지.","피곤해서 그런 거 아니야?","그런가. 그냥 물 마시는 것 같아.","ㅋㅋ 그럼 오늘은 다른 거 마셔. 차 종류도 괜찮잖아.","아, 그럴까? 뭘 마셔야 잠이 확 깰까.","음... 페퍼민트 티 어때? 상쾌해서 잠 깨는 데 좋을걸.","오, 괜찮겠다. 그거 마셔야지.","그래. ㅋㅋ"
g_059,"어제 집 가는데 비가 너무 많이 와서 옷이 다 젖었어.","헐, 감기 걸리는 거 아니야? 괜찮아?","응, 괜찮아. 오자마자 바로 씻고 잤거든.","다행이다. 요즘 감기 독하다고 하니까 조심해.","응, 너도.","나는 어제 남자친구가 데리러 와서 편하게 왔지.","헐, 대박. 완전 부럽다.","ㅋㅋ 자랑 좀 해봤어.","칫."
g_060,"우리 다음 주에 만나기로 한 약속, 혹시 날짜 바꿀 수 있을까?","응? 무슨 일 있어?","아니, 그날 회사에 갑자기 일이 생겨서. ㅠㅠ 미안.","아니야, 괜찮아. 그럼 언제로 바꿀까?","혹시 다다음 주 금요일은 어때?","잠깐만, 스케줄 한번 볼게. ... 응, 괜찮아!","진짜? 다행이다. 고마워!","천만에. ㅋㅋ 그럼 그때 보자.","응!"
g_061,"오늘 아침에 일어났는데 목이 너무 아파. 감기 걸렸나 봐.","헐, 어떡해. 병원은 갔다 왔어?","아니, 아직... 이따 점심시간에 잠깐 다녀오려고.","응, 꼭 가봐. 요즘 감기 독하대.","알았어. 걱정해 줘서 고마워.","별말을. ㅋㅋ 약 잘 챙겨 먹고.","응."
g_062,"이번에 새로 나온 영화 '아바타' 봤어?","아니, 아직 못 봤어. 재밌대?","응, 완전 대박이야. 영상미가 장난 아니야. 꼭 3D로 봐야 돼.","오, 진짜? 나도 보러 가야겠다.","응. 주말에 보러 갈래?","좋아! 내가 예매할게.","알았어. 고마워!","ㅋㅋ 이따 저녁에 연락할게.","응."
g_063,"요즘 살이 너무 쪄서 옷이 다 안 맞아. 큰일 났어.","나도... 겨울이라 그런지 자꾸 먹게 돼.","우리 같이 운동 시작할까? 혼자 하면 재미없어서 금방 포기할 것 같아.","좋아! 무슨 운동 할래? 헬스?","헬스는 좀 지루할 것 같고... 요가는 어때?","요가? 좋다! 자세 교정도 되고, 몸매 라인도 예뻐진대.","그치? 그럼 요가 학원 한번 알아볼까?","응, 좋아. 내가 지금 바로 검색해볼게.","알았어!"
g_064,"오늘 점심 뭐 먹지? 어제 회식 때 너무 많이 먹어서 속이 더부룩해.","그럼 오늘은 죽 어때? 본죽 가서 먹자.","아, 좋다! 나는 소고기야채죽 먹을래. 너는?","나는 전복죽! ㅋㅋ 기력 보충 좀 해야겠어.","ㅋㅋ 좋아. 12시에 나가자.","응, 이따 봐.","오케이."
g_065,"너 어제 내가 추천해준 노래 들어봤어?","응, 들어봤지. 완전 내 스타일이야! 바로 플레이리스트에 추가했잖아.","ㅋㅋ 그치? 좋지?","응. 목소리가 너무 매력적이야. 다른 노래도 들어봐야겠어.","그래. ㅋㅋ 너도 좋은 노래 있으면 추천해줘.","알았어. 우리 취향 비슷한 것 같으니까, 너도 좋아할 거야.","오, 기대된다. ㅋㅋ","이따 링크 보내줄게."
g_066,"어제 남자친구랑 100일이었어.","헐, 진짜? 축하해! 뭐 했어?","그냥 레스토랑 가서 저녁 먹고, 선물 교환했어.","오, 무슨 선물 주고받았는데?","나는 지갑 사주고, 남자친구는 목걸이 사줬어.","우와, 좋았겠다. ㅋㅋ 오래오래 예쁘게 사귀어.","고마워. ㅋㅋ 너도 빨리 좋은 사람 만나야지.","그러게 말이야. 휴."
g_067,"오늘따라 시간이 왜 이렇게 안 가지. 아직도 3시밖에 안 됐네.","인정. 퇴근 시간은 멀었는데, 벌써 지친다.","그러게. 우리 잠깐 나가서 커피라도 한잔하고 올까?","좋아! 달달한 거 마시면 좀 나아지겠지.","응. 나는 바닐라라떼 마실래. 너는?","나는 카라멜마끼아또! ㅋㅋ","알았어, 가자.","응."
g_068,"이번 주말에 뭐 해?","나 김장해야 돼. ㅠㅠ 엄마가 도와달라고 해서.","헐, 대박. 힘들겠다.","응... 생각만 해도 허리가 아프네.","그래도 하고 나면 뿌듯하잖아. 수육이랑 같이 먹으면 맛있겠다.","그건 그래. ㅋㅋ 너도 김장 다 하면 놀러 와. 수육 해줄게.","헐, 진짜? 완전 좋지! 당연히 가야지.","ㅋㅋ 알았어. 토요일 저녁에 와.","응, 고마워!"
g_069,"요즘 너무 건조해서 그런지 피부가 다 뒤집어졌어.","나도... 이럴 땐 팩이라도 해줘야 돼.","맞아. 오늘 저녁에 올리브영 가서 팩 좀 사야겠다.","나도 같이 가! 살 거 있었는데, 마침 잘 됐다.","ㅋㅋ 그래. 퇴근하고 같이 가자.","응, 좋아.","이따 봐.","응."
g_070,"나 드디어 아이폰 14로 바꿨어!","헐, 진짜? 대박! 언제 바꿨어?","어제 퇴근하고 바로 가서 바꿨지. ㅋㅋ","우와, 부럽다. 나도 바꾸고 싶은데... 지금 쓰는 폰 약정이 아직 안 끝나서.","아, 그렇구나. 조금만 더 기다려. ㅋㅋ","그러게. 휴. 새 폰 어때? 좋아?","응, 완전 좋아! 카메라도 더 좋아진 것 같고, 속도도 빠르고.","역시... 나도 빨리 바꾸고 싶다. ㅠㅠ","ㅋㅋ"
g_071,"어제 '골 때리는 그녀들' 봤어?","당연히 봤지! 어제 경기 완전 흥미진진했잖아.","그치? 마지막에 골 들어갔을 때 소름 돋았어.","인정. ㅋㅋ 다들 너무 열심히 해서 감동적이야.","맞아. 나도 축구 배우고 싶다는 생각 들더라.","ㅋㅋ 너도 한번 배워봐. 재밌을 것 같아.","그럴까? 같이 할래?","나는 몸치라... ㅋㅋ 너 하는 거 구경할게.","칫."
g_072,"오늘 날씨 진짜 춥다. 완전 겨울이네.","그러게. 아침에 나오는데, 귀가 떨어져 나가는 줄 알았어.","인정. ㅋㅋ 목도리랑 장갑 꼭 하고 다녀야 돼.","응, 너도. 감기 조심하고.","당연하지. 우리 오늘 저녁엔 따뜻한 국물 있는 거 먹을까?","좋아! 샤브샤브 어때?","헐, 완전 좋지. 따뜻하고 든든하고.","그럼 퇴근하고 바로 만나서 가자.","응, 좋아. 이따 봐."
g_073,"요즘 회사에서 스트레스 너무 많이 받아서 힘들어.","헐, 왜? 무슨 일 있어?","새로 온 팀장님이랑 스타일이 너무 안 맞아. 사사건건 부딪혀.","아, 진짜? 그게 제일 힘든 건데... 어떡하냐.","그러게 말이야. 이직이라도 해야 되나 심각하게 고민 중이야.","그래도 너무 성급하게 결정하지는 마. 좀 더 지켜보고.","알았어. 조언 고마워.","힘내. 내가 맛있는 거 사줄게.","고마워. ㅠㅠ"
g_074,"이번 주말에 방탄소년단 콘서트 가!","헐, 대박! 진짜? 티켓팅 성공했어?","응, 친구가 금손이라서 운 좋게 성공했지. ㅋㅋ","우와, 완전 부럽다. 재밌게 보고 와.","당연하지! 스트레스 확 풀고 와야지.","응. 후기 들려줘.","알았어. ㅋㅋ 사진 많이 찍어올게.","좋아!"
g_075,"오늘따라 단 게 너무 땡긴다. 마카롱 먹고 싶어.","나도! 점심 먹고 디저트로 마카롱 먹으러 갈까?","좋아! 회사 근처에 맛있는 데 있어?","응. 새로 생긴 곳 있는데, 뚱카롱으로 유명하더라.","헐, 완전 좋지. 거기 가자!","그래. ㅋㅋ 이따 밥 빨리 먹고 가자.","응, 알았어.","기대된다. ㅋㅋ"
g_076,"어제 오랜만에 책 읽었는데, 너무 좋더라.","오, 진짜? 무슨 책 읽었는데?","김영하 작가 '여행의 이유'.","아, 그거! 베스트셀러잖아. 어때?","응, 생각할 거리도 많고, 문장도 좋고. 추천해.","나도 한번 읽어봐야겠다. 요즘 책을 너무 안 읽어서.","응. 마음이 차분해지고 좋더라.","그래. 서점 가서 한번 찾아봐야겠다.","응. ㅋㅋ"
g_077,"나 다음 주에 건강검진받아야 돼.","아, 진짜? 나도 올해 받아야 되는데.","응. 너도 빨리 예약해. 연말 되면 사람 많아서 예약하기 힘들어.","아, 맞다. 그래야겠다. 오늘 바로 전화해봐야지.","응. 위내시경도 해?","아니, 나는 아직... 무서워서. ㅋㅋ 너는?","나도 이번엔 안 하려고. ㅋㅋ 다음에.","ㅋㅋ 알았어. 검진 잘 받고 와.","응, 고마워."
g_078,"요즘 연말정산 때문에 머리가 너무 아파.","나도... 서류 챙길 것도 너무 많고, 복잡하고.","그러게 말이야. 누가 대신해줬으면 좋겠다.","인정. ㅋㅋ 그래도 13월의 월급이라고 하니까, 열심히 해야지.","맞아. 올해는 얼마나 돌려받을 수 있을까.","많이 돌려받았으면 좋겠다. ㅋㅋ","제발...","우리 힘내자. ㅋㅋ","응!"
g_079,"오늘 저녁 약속, 혹시 장소 좀 바꿀 수 있을까?","응? 왜? 거기 별로야?","아니, 그런 건 아니고... 내가 오늘 차를 가져와서. 거긴 주차하기가 너무 힘들잖아.","아, 맞다. 그랬지. 알았어. 그럼 어디로 바꿀까?","음... 혹시 우리 동네 쪽은 어때? 주차하기 편한 곳 많은데.","좋아! 그럼 너희 동네 맛집으로 가자.","헐, 진짜? 완전 고맙다! 내가 맛있는 데로 데려갈게.","ㅋㅋ 알았어. 이따 봐.","응!"
g_080,"벌써 12월이네. 크리스마스트리 장식해야겠다.","오, 벌써? 부지런하다.","응. 그래야 연말 분위기 나고 좋잖아. ㅋㅋ 너도 빨리 해.","나는 귀찮아서... 그냥 작은 트리 하나 사다 놓을까 봐.","그것도 괜찮네. ㅋㅋ 다이소 가면 예쁜 거 많던데.","오, 진짜? 그럼 이번 주말에 다이소 한번 가봐야겠다.","응. 가서 예쁜 걸로 득템해.","알았어. 고마워!","천만에."
g_081,"너 주말에 뭐 했어?","나 넷플릭스에서 '더 글로리' 봤잖아. 완전 밤새워서 다 봤어.","헐, 대박! 그거 완전 재밌다며? 나도 보려고 했는데.","응, 꼭 봐. 진짜 시간 가는 줄 몰라. 송혜교 연기 장난 아니야.","오, 진짜? 기대된다. 오늘 퇴근하고 바로 봐야겠다.","ㅋㅋ 그리고 절대 혼자 보지 마. 좀 무서워.","헐, 진짜? 알았어. ㅋㅋ 겁줘서 고마워.","별말을. ㅋㅋ"
g_082,"오늘 날씨 완전 풀렸다. 봄이 오려나 봐.","그러게. 코트 입고 나왔는데도 하나도 안 춥네.","인정. 이런 날은 어디 놀러 가야 되는데.","맞아. 주말에 뭐 해?","나 이번 주말엔 약속 없는데. 왜?","우리 근교로 드라이브 갈까? 예쁜 카페 가서 커피도 마시고.","헐, 완전 좋아! 어디로 갈까?","음... 양평 쪽 어때? 두물머리 가서 산책도 하고.","와, 생각만 해도 힐링 된다. 당연히 가야지!","ㅋㅋ 좋아. 그럼 토요일에 시간 괜찮아?","응! 좋아."
g_083,"요즘 입맛이 없어서 큰일이야. 밥을 잘 못 챙겨 먹어.","헐, 왜? 무슨 일 있어?","아니, 그런 건 아니고... 그냥 기운이 없어서 그런가 봐.","그래도 밥은 잘 챙겨 먹어야지. 그러다 큰일 나.","알았어. 걱정해 줘서 고마워.","내가 맛있는 거 사줄게. 뭐 먹고 싶어?","음... 딱히 생각나는 건 없는데.","그럼 내가 알아서 맛있는 데로 데려갈게. 오늘 저녁 어때?","고마워. ㅠㅠ 좋아.","ㅋㅋ 이따 봐."
g_084,"나 드디어 독립했어! 어제 이사했잖아.","헐, 진짜? 대박! 축하해!","고마워. ㅋㅋ 아직 정리는 다 못했지만, 너무 좋다.","우와, 부럽다. 나도 독립하고 싶은데. 집은 어때? 마음에 들어?","응, 완전! 역에서도 가깝고, 햇빛도 잘 들어오고.","잘 구했네. 이제 집들이해야지?","당연하지! 이번 주 토요일에 할 건데, 시간 괜찮아?","헐, 완전 괜찮지! 당연히 가야지.","ㅋㅋ 알았어. 이따 자세한 주소 보내줄게.","응, 고마워!"
g_085,"어제 친구랑 술 마시다가 필름 끊겼어. 나 어떻게 집에 들어왔지?","헐, 괜찮아? 속은 어때?","속은 괜찮은데, 머리가 너무 아프다.","ㅉㅉ, 적당히 좀 마시지.","그러게 말이야. 후회된다. 휴.","그래도 집에 잘 들어왔으니 다행이네.","응. 오늘은 칼퇴하고 집에 가서 푹 쉬어야겠어.","그래. 푹 쉬어.","응."
g_086,"요즘 유튜브 알고리즘이 나를 '환승연애'로 이끌고 있어.","ㅋㅋ 나도 그거 봤는데, 완전 과몰입하게 되더라.","그치? 나도 모르게 눈물 흘리면서 보고 있잖아.","인정. ㅋㅋ 누가 제일 좋아?","나는 해은! 너무 짠하고 안쓰러워.","나도. ㅠㅠ 규민이랑 다시 잘 됐으면 좋겠는데.","그러게 말이야. 제발...","다음 주가 마지막 회던데, 꼭 본방사수해야지.","당연하지! 같이 보자.","그래!"
g_087,"오늘 점심 뭐 먹지? 어제 야식으로 라면 먹고 잤더니 얼굴이 퉁퉁 부었네.","ㅋㅋ 그럼 오늘은 가볍게 샐러드 어때?","아, 좋다. 회사 근처에 샐러드 가게 새로 생겼던데, 거기 가볼까?","응, 좋아. 나도 거기 가보고 싶었어.","그래, 12시에 나가자.","알았어, 이따 봐.","오케이."
g_088,"이번에 회사에서 워크숍 가는 거 신청했어?","아니, 나는 안 했어. 주말에 가는 건 좀 그렇더라고.","나도... 근데 팀장님이 같이 가자고 해서 어쩔 수 없이 했네.","헐, 어떡해. 힘들겠다.","그러게 말이야. 그냥 1박 2일 동안 죽었다 생각하고 갔다 와야지.","ㅋㅋ 잘 다녀와. 가서 재밌는 일 있으면 말해줘.","알았어. ㅋㅋ 선물 사 올게.","오, 진짜? 기대하고 있을게. ㅋㅋ"
g_089,"새해 목표로 '운동하기' 세웠는데, 벌써부터 하기 싫다.","ㅋㅋ 작심삼일 아니야?","그런가 봐. 헬스장 등록해놓고 한 번밖에 안 갔어.","그래도 등록한 게 어디야. 대단하다.","그런가? ㅋㅋ 너도 같이 다닐래?","나는 숨쉬기 운동만 할래. ㅋㅋ","칫.","농담이야. ㅋㅋ 시간 되면 같이 가자.","진짜? 알았어, 연락할게."
g_090,"어제 백화점 갔다가 완전 예쁜 가방 봤는데, 너무 비싸서 못 샀어.","헐, 어떤 가방인데?","셀린느 신상인데, 디자인이 완전 내 스타일이야.","아, 나도 그거 봤어! 예쁘더라.","그치? 계속 아른거려서 미치겠네.","ㅋㅋ 돈 많이 벌어서 사자.","그러게. 우리 힘내서 일하자. ㅋㅋ","응! 파이팅!","아자!"
g_091,"너 혹시 영양제 챙겨 먹어?","응, 나는 비타민이랑 오메가3 챙겨 먹고 있어.","아, 진짜? 효과 좀 있어? 나도 먹어볼까 해서.","응. 확실히 덜 피곤한 것 같아. 너도 챙겨 먹어.","그래야겠다. 어떤 제품이 좋아?","나는 '솔가'꺼 먹고 있는데, 괜찮은 것 같아.","아, 솔가! 알았어, 고마워. 오늘 바로 주문해야겠다.","응. ㅋㅋ 꾸준히 챙겨 먹는 게 중요해.","알았어!"
g_092,"오늘따라 날씨가 꾸리꾸리하네. 비 오려나.","그러게. 이런 날은 파전에 막걸리인데.","헐, 대박. 완전 먹고 싶다.","그치? 우리 오늘 퇴근하고 한잔할까?","완전 좋지! 어디로 갈까?","내가 아는 전 맛집 있는데, 거기로 가자.","그래! 좋아. 이따 연락해.","응, 알았어."
g_093,"요즘 회사 생활 어때? 할 만해?","응, 그냥 뭐... 똑같지. ㅋㅋ 너는?","나도 그래. 맨날 똑같은 일상이라 좀 지겹다.","인정. 뭔가 새로운 활력소가 필요해.","맞아. 우리 주말에 뭐 새로운 거 배우러 다닐까?","오, 좋다! 뭐 배우고 싶은 거 있어?","음... 나는 가죽 공예 배워보고 싶어. 가방이나 지갑 같은 거 직접 만들어보고 싶어.","헐, 재밌겠다! 나도 그거 해보고 싶었는데.","진짜? 그럼 같이 다니자! 내가 알아볼게.","응! 좋아."
g_094,"어제 친구랑 싸웠는데, 어떻게 화해해야 할지 모르겠어.","헐, 왜 싸웠는데?","그냥 사소한 말다툼이었는데, 서로 감정이 격해져서.","아, 그랬구나. 그래도 친한 친구인데, 빨리 화해하는 게 좋지.","나도 알아. 근데 먼저 연락하기가 좀 그렇네.","그래도 네가 먼저 손 내밀어봐. 친구도 기다리고 있을지 몰라.","그런가? 알았어. 용기 내서 연락해볼게.","응! 잘 해결될 거야.","고마워."
g_095,"이번에 보너스 받았어!","헐, 대박! 진짜? 축하해!","고마워. ㅋㅋ 이걸로 뭐 할지 행복한 고민 중이야.","좋겠다. 나 같으면 바로 여행 갈 텐데.","나도 그럴까? 어디로 가는 게 좋을까?","요즘엔 동남아가 좋지. 날씨도 따뜻하고, 물가도 저렴하고.","오, 괜찮은데? 한번 알아봐야겠다.","응. ㅋㅋ 부럽다.","헤헤."
g_096,"오늘 점심은 뭐 먹을까?","글쎄... 어제 과음해서 그런지, 해장되는 거 먹고 싶다.","그럼 뼈해장국 어때?","헐, 완전 좋지. 어디 맛있는 데 있어?","응. 회사 근처에 24시간 하는 곳 있는데, 거기 괜찮아.","그래? 그럼 거기로 가자.","응. 12시에 나가자.","알았어."
g_097,"너 어제 '나는 솔로' 본방 봤어?","당연하지! 어제 완전 레전드였잖아.","그치? 영숙이 갑자기 우는데, 나도 같이 울었잖아.","인정. ㅠㅠ 상철이 너무했어.","맞아. 다음 주에는 어떻게 될지 너무 궁금하다.","그러게 말이야. 빨리 다음 주 수요일이 왔으면.","응. ㅋㅋ 우리 다음 주에도 꼭 본방사수하자.","당연하지!"
g_098,"나 감기 기운이 있는지, 몸이 으슬으슬 춥다.","헐, 괜찮아? 약은 먹었어?","아니, 아직... 약 먹기 싫어서 버티고 있는데.","미련하게 버티지 말고, 빨리 약 먹어. 그러다 더 심해져.","알았어. ㅠㅠ 이따 퇴근하고 약 사서 들어가야겠다.","응. 그리고 오늘은 일찍 들어가서 푹 쉬어.","알았어. 걱정해 줘서 고마워.","별말을. ㅋㅋ"
g_099,"우리 이번 주말에 만나기로 한 거, 시간 좀 앞당길 수 있을까?","응? 왜? 무슨 일 있어?","아니, 저녁에 갑자기 가족 행사가 생겨서. 미안. ㅠㅠ","아니야, 괜찮아. 그럼 몇 시쯤이 편해?","음... 한 2시쯤은 어때?","좋아! 그럼 2시에 보자.","고마워! 내가 맛있는 거 쏠게.","ㅋㅋ 알았어. 기대하고 있을게.","응!"
g_100,"벌써 2025년이라니, 시간이 너무 빠른 것 같아.","인정. 나이만 먹는 것 같아서 서글프다.","그러게 말이야. 올해는 꼭 좋은 일만 있었으면 좋겠다.","응. 너도 새해 복 많이 받아.","너도! 우리 올해도 잘 지내보자.","그래! ㅋㅋ 파이팅!","파이팅!"
g_101,"오늘 아침에 지하철에서 발 밟혔는데, 사과도 안 하고 그냥 가더라.","헐, 진짜? 완전 어이없네.","그치? 아침부터 기분 잡쳤잖아.","인정. 세상엔 참 이상한 사람들 많아.","그러게 말이야. 그냥 똥 밟았다고 생각해야지.","그래. 훌훌 털어버려.","응. 그래야지."
g_102,"너 이번 여름휴가 때 뭐 할 거야?","나 친구들이랑 해외여행 가려고!","우와, 진짜? 어디로 가는데?","아직 안정했는데, 베트남이나 태국 생각 중이야.","완전 좋겠다. 부럽다.","너는 휴가 계획 없어?","나는 그냥 국내 여행이나 갈까 생각 중이야.","그것도 좋지. ㅋㅋ 계획 짜면 공유해줘.","응, 알았어."
g_103,"요즘 회사 일이 너무 바빠서 정신이 하나도 없어.","헐, 어떡해. 밥은 잘 챙겨 먹고 다녀?","아니, 맨날 거르기 일쑤야. ㅠㅠ","그러다 쓰러져. 아무리 바빠도 밥은 꼭 챙겨 먹어.","알았어. 걱정해 줘서 고마워.","힘들면 말해. 내가 맛있는 거 사 들고 갈게.","고마워. ㅠㅠ 너밖에 없다, 진짜.","ㅋㅋ 힘내."
g_104,"어제 소개팅했는데, 상대방이 너무 별로였어.","헐, 진짜? 왜?","자기 자랑만 늘어놓고, 내 말은 하나도 안 듣는 거야.","대박, 최악이다.","그치? 시간 아까워 죽는 줄 알았네.","고생했다. 얼른 잊어버려.","응. 맛있는 거나 먹으러 가야겠다.","그래. 내가 쏠게. ㅋㅋ","헐, 진짜? 고마워!"
g_105,"나 다음 달에 이사 가.","오, 진짜? 어디로?","지금 사는 데서 멀지 않은 곳이야. 회사랑 더 가까워져서 좋아.","잘됐다! 이제 출퇴근 시간 좀 줄겠네.","응. ㅋㅋ 이사하면 놀러 와. 집들이할게.","당연히 가야지! ㅋㅋ 선물 뭐 사갈까?","그냥 몸만 와. ㅋㅋ 마음만으로도 고마워.","에이, 그래도. ㅋㅋ 고민해볼게.","알았어, 고마워."
g_106,"요즘 헬스 다니는데, 살이 하나도 안 빠져.","헐, 진짜? 운동 열심히 안 하는 거 아니야?","아니야! 나름 열심히 하고 있는데... 식단 조절을 안 해서 그런가.","그런가 보네. ㅋㅋ 운동보다 식단이 더 중요하대.","알아. ㅠㅠ 근데 맛있는 게 너무 많은 걸 어떡해.","인정. ㅋㅋ 그래도 조금만 조절해봐.","알았어. 오늘 저녁부터는 샐러드 먹어야지.","파이팅! ㅋㅋ"
g_107,"오늘 저녁에 우리 동네에서 치맥 할래?","헐, 완전 좋지! 지금 바로 갈까?","ㅋㅋ 그래. 어디서 만날까?","음... 그냥 우리 집으로 와. 내가 치킨 시켜놓을게.","헐, 진짜? 그래도 돼?","당연하지! 빨리 와. ㅋㅋ","알았어, 지금 바로 출발할게. 고마워!","ㅋㅋ 이따 봐."
g_108,"너 혹시 '유 퀴즈 온 더 블럭' 봐?","응, 가끔 봐. 재밌더라.","어제 방송 봤어? 내 친구가 거기 나왔잖아.","헐, 진짜? 대박! 누구?","자기님으로 나왔는데, 인터뷰했어.","우와, 신기하다. 무슨 얘기 했어?","그냥 뭐 회사 다니는 얘기, 사는 얘기... ㅋㅋ","나도 한번 봐야겠다. 다시 보기 해야지.","응. ㅋㅋ 보면 연락 줘.","알았어."
g_109,"이번 주말에 날씨 좋으면 등산 갈까?","등산? 좋아! 어디로 갈 건데?","가까운 데로 가자. 북한산 어때?","오, 좋다. 정상까지 갈 수 있을까?","ㅋㅋ 우리 체력을 봐서... 중간까지만 갔다 오자.","그래. ㅋㅋ 그럼 토요일 아침에 볼까?","응. 김밥이랑 물은 내가 챙겨갈게.","헐, 진짜? 고마워!","천만에."
g_110,"벌써 11월 말이네. 연말 분위기 슬슬 난다.","그러게. 길거리에 트리 장식도 하나둘씩 생기더라.","인정. 올해는 그냥 조용히 보내고 싶다.","나도... 나이 드니까 시끄러운 게 싫어. ㅋㅋ","맞아. ㅋㅋ 그냥 집에서 맛있는 거 해 먹고, 영화나 봐야지.","그게 최고지. ㅋㅋ","응."
g_111,"나 어제 길 가다가 전 남자친구 마주쳤어.","헐, 대박! 진짜?","응. 서로 못 본 척하고 그냥 지나갔는데, 기분이 너무 이상하더라.","그랬겠다. ㅠㅠ 괜찮아?","응, 괜찮아. 그냥 좀 씁쓸하네.","잊어버려. 더 좋은 사람 만날 거야.","고마워. ㅠㅠ","힘내. 내가 옆에 있잖아.","응."
g_112,"요즘 너무 피곤해서 입병이 났어.","헐, 어떡해. 약은 발랐어?","응, 바르긴 했는데, 너무 아프다. ㅠㅠ","비타민 잘 챙겨 먹고, 푹 쉬어야 돼.","알았어. 걱정해 줘서 고마워.","별말을. ㅋㅋ 빨리 나아.","응."
g_113,"오늘따라 왜 이렇게 차가 막히지? 평소보다 일찍 나왔는데도 지각하겠네.","그러게. 무슨 사고라도 났나?","그런가 봐. 답답해 죽겠네.","그러게 말이야. 이럴 줄 알았으면 지하철 타고 오는 건데.","인정. ㅠㅠ 다음부턴 그냥 지하철 타야겠다.","응. 그게 마음 편해.","알았어."
g_114,"나 다음 달에 드디어 일본 여행 가!","우와, 진짜? 좋겠다! 어디로 가는데?","오사카랑 교토! 3박 4일로.","완전 재밌겠다. 나도 일본 가고 싶은데.","너도 가! 요즘 엔저라 여행하기 좋잖아.","그런가? 한번 알아봐야겠다.","응. ㅋㅋ 가서 맛있는 거 많이 먹고 와야지.","부럽다. ㅠㅠ 사진 많이 찍어 와.","당연하지!"
g_115,"요즘 재밌는 영화 뭐 없을까? 볼 만한 게 하나도 없네.","그러게.最近 극장가에 볼 게 없어.","인정. 그냥 집에서 넷플릭스나 봐야겠다.","나도. ㅋㅋ 팝콘이라도 사서 들어가야지.","오, 좋은 생각인데? 나도 사 가야겠다.","그래. ㅋㅋ 이따 저녁에 뭐 볼지 공유해줘.","알았어."
g_116,"이번 주말에 뭐 해?","나 친구들이랑 펜션 잡아서 놀러 가기로 했어.","우와, 재밌겠다! 어디로 가는데?","가평으로! 가서 바비큐 파티도 하고, 게임도 하고 놀 거야.","헐, 완전 부럽다. 나도 끼고 싶다.","ㅋㅋ 다음엔 같이 가자.","응. 약속했다!","그래. ㅋㅋ"
g_117,"오늘 점심 뭐 먹지? 어제 먹은 마라탕이 아직도 얼얼하네.","ㅋㅋ 그럼 오늘은 좀 순한 거 먹자. 설렁탕 어때?","오, 좋다! 뜨끈한 국물 마시면 속이 확 풀릴 것 같아.","그치? 그럼 회사 앞에 있는 설렁탕 집으로 가자.","그래, 좋아. 12시에 나가자.","응, 이따 봐.","오케이."
g_118,"너 어제 내가 부탁한 자료, 다 했어?","응, 아까 메일로 보냈는데. 확인해봤어?","아, 진짜? 지금 바로 확인해볼게.","응. 혹시 수정할 거 있으면 말해줘.","알았어. 고마워! 덕분에 살았다.","천만에. ㅋㅋ 이따 커피나 한잔 사.","당연하지! 내가 풀코스로 쏠게.","ㅋㅋ 알았어."
g_119,"오늘 미세먼지 최악이다. 창문도 못 열겠네.","인정. 아침에 나오는데, 앞이 안 보여서 깜짝 놀랐잖아.","그러게. 이런 날은 진짜 외출하면 안 돼.","맞아. 퇴근하고 바로 집으로 가야지.","응. 너도 마스크 꼭 끼고.","당연하지. 너도.","알았어."
g_120,"벌써 2025년이라니, 믿기지가 않는다.","인정. 작년 이맘때쯤에도 똑같은 얘기 한 것 같은데. ㅋㅋ","ㅋㅋ 그러게. 시간 참 빠르다.","올해는 꼭 연애해야지.","나도. ㅠㅠ 우리 둘 다 솔로 탈출하자.","그래! 제발.","ㅋㅋ 파이팅!","파이팅!"
g_121,"주말 잘 보냈어?","응, 그냥 집에서 푹 쉬었어. 너는?","나는 친구랑 전시회 다녀왔어.","오, 진짜? 어떤 전시회?","'팀랩: 라이프'라고, 미디어 아트 전시회인데 완전 예뻤어.","헐, 나도 그거 가보고 싶었는데! 어땠어?","사진 찍을 곳도 많고, 볼거리도 많아서 좋았어. 추천해!","그래? 나도 다음 주에 한번 가봐야겠다.","응. ㅋㅋ 후회 안 할 걸?"
g_122,"오늘따라 왜 이렇게 일이 많지. 해도 해도 끝이 없네.","나도 그래. 아침부터 정신이 하나도 없어.","그러게. 우리 오늘 점심은 맛있는 거 먹고 힘내자.","좋아! 뭐 먹고 싶은 거 있어?","음... 매운 거? 스트레스받을 땐 매운 게 최고잖아.","인정. ㅋㅋ 그럼 쭈꾸미 볶음 먹으러 갈까?","헐, 완전 좋지. 밥까지 볶아 먹으면 완벽하겠다.","ㅋㅋ 좋아. 빨리 점심시간 됐으면.","그러게."
g_123,"나 어제 퇴근하고 필라테스 등록했어.","오, 진짜? 드디어 운동 시작하는구나.","응. ㅋㅋ 더 이상 미루면 안 될 것 같아서.","잘했어! 꾸준히 다니는 게 중요해.","알아. ㅋㅋ 너도 같이 다닐래?","나는 시간이 애매해서... 일단 너 먼저 해보고, 괜찮으면 나도 생각해볼게.","알았어. ㅋㅋ 후기 들려줄게.","응, 기다리고 있을게."
g_124,"어제 친구랑 오랜만에 노래방 가서 신나게 놀았더니, 목이 다 쉬었어.","ㅋㅋ 얼마나 신나게 놀았으면.","거의 3시간 동안 불렀나 봐.","대박. ㅋㅋ 그래도 스트레스는 확 풀렸겠다.","응, 맞아. 가끔은 이렇게 놀아줘야 돼.","인정. ㅋㅋ 나도 노래방 가고 싶다.","다음에 같이 가자. 내가 캐리해줄게.","오, 좋아. ㅋㅋ 기대할게."
g_125,"요즘 환절기라 그런지, 피부가 너무 건조해.","나도. 그래서 어제부터 가습기 틀고 자잖아.","아, 진짜? 효과 좀 있어?","응. 확실히 아침에 일어났을 때 덜 건조한 것 같아.","그래? 나도 가습기 하나 사야겠다.","응. ㅋㅋ 하나 장만해.","알았어, 고마워."
g_126,"이번 주말에 뭐 해?","나 소개팅하기로 했어.","헐, 진짜? 대박!","응. ㅋㅋ 친구가 괜찮은 사람 있다고 해서.","좋겠다. ㅋㅋ 잘하고 와.","고마워. 근데 뭐 입고 가지? 너무 고민돼.","음... 그냥 깔끔하게 입는 게 제일 좋지 않을까? 너무 꾸민 티 안 나게.","그런가? 알았어. 조언 고마워.","ㅋㅋ 파이팅!"
g_127,"오늘 점심 뭐 먹지? 어제 회식 때 고기를 너무 많이 먹어서, 좀 담백한 게 땡기네.","그럼 초밥 어때?","오, 좋다! 신선하고 맛있겠다.","그치? 회사 근처에 괜찮은 초밥집 있는데, 거기로 갈까?","그래, 좋아. 12시에 나가자.","응, 이따 봐.","오케이."
g_128,"너 혹시 넷플릭스 아이디 공유해줄 수 있어?","응? 너 넷플릭스 안 봐?","응. 보고 싶은데, 혼자 결제하기는 좀 부담스러워서.","아, 그렇구나. 알았어, 빌려줄게.","헐, 진짜? 완전 고맙다!","천만에. ㅋㅋ 대신 재밌는 거 있으면 나한테도 추천해줘.","당연하지! ㅋㅋ 고마워, 친구야.","별말을."
g_129,"오늘 아침에 버스에서 졸다가 내릴 곳을 지나쳤잖아.","헐, 진짜? 그래서 어떻게 했어?","다행히 다음 정거장이 멀지 않아서, 그냥 걸어왔어.","고생했네. ㅋㅋ 피곤했나 보다.","응. 어제 늦게까지 드라마 보다가. ㅋㅋ","ㅉㅉ. 오늘은 일찍 자.","알았어. ㅋㅋ"
g_130,"벌써 금요일이네. 이번 주도 진짜 순식간에 지나갔다.","인정. 주말만 기다리면서 버텼다, 진짜.","그러게. 주말에 뭐 할 거야?","나는 그냥 집에서 뒹굴뒹굴하면서 밀린 예능이나 보려고. 너는?","나도 비슷해. ㅋㅋ 약속 안 잡고 그냥 푹 쉴 거야.","그게 최고지. ㅋㅋ 그럼 주말 잘 보내.","응, 너도!","월요일에 보자.","그래~"
g_131,"요즘 부쩍 피곤하고 기운이 없는 것 같아. 영양제라도 챙겨 먹어야 하나.","나도 그래서 비타민이랑 루테인 먹고 있어.","오, 정말? 효과 있어?","응, 확실히 아침에 일어나는 게 좀 개운한 느낌?","그래? 나도 한번 먹어봐야겠다. 어떤 제품 먹어?","나는 그냥 약국 가서 추천해달라고 해서 샀어.","아하, 그렇구나. 고마워!","별말을. 꾸준히 먹는 게 중요하대."
g_132,"오늘 날씨 완전 여름이다. 반팔 입고 나올 걸 그랬나 봐.","인정. 아침에는 쌀쌀해서 긴팔 입었더니 덥네.","그러게. 이런 날씨가 감기 걸리기 딱 좋아. 조심해야 돼.","응, 너도. 우리 점심 먹고 아이스크림 하나씩 먹을까?","헐, 완전 좋지! 생각만 해도 시원하다.","ㅋㅋ 그럼 이따 밥 빨리 먹고 편의점 가자.","오케이, 콜!"
g_133,"새로 나온 '범죄도시3' 봤어?","당연히 봤지! 지난 주말에 보고 왔어.","어땠어? 재밌었어? 1, 2편만큼 재밌으려나.","응, 완전 재밌었어. 마동석 액션은 진짜 믿고 보는 것 같아. ㅋㅋ","대박, 나도 빨리 보러 가야겠다.","응응, 꼭 봐. 스트레스 확 풀려.","알았어! 이번 주말에 남자친구랑 보러 가야지.","좋겠다. ㅋㅋ 재밌게 봐."
g_134,"나 다음 주에 드디어 운전면허 도로주행 시험 봐.","헐, 진짜? 드디어 따는구나.","응, 근데 너무 떨려. 붙을 수 있을까?","당연히 붙을 수 있지! 연습한 대로만 하면 돼.","그럴까? ㅠㅠ 실수할까 봐 걱정돼.","걱정 마. 잘할 수 있을 거야. 내가 응원할게!","고마워. ㅠㅠ 꼭 붙어서 올게.","응! 파이팅!"
g_135,"요즘 회사에 너무 마음에 안 드는 사람이 있어서 스트레스받아.","헐, 누구? 왜?","그냥 사사건건 시비 걸고, 말하는 것도 너무 얄미워.","아, 진짜? 그런 사람 꼭 있지. 그냥 무시하는 게 답이야.","나도 그러려고 하는데, 자꾸 신경 쓰여.","신경 쓰지 마. 너만 손해야.","알았어. ㅠㅠ 노력해볼게.","그래. 힘내. 내가 맛있는 거 사줄게.","고마워, 친구야."
g_136,"어제 남자친구랑 데이트했는데, 또 똑같은 걸로 싸웠어.","헐, 또? 왜?","그냥 뭐... 연락 문제지. 자기는 친구들 만날 때 연락 잘 안 하면서, 나한테는 엄청 집착해.","완전 별로다. 그건 좀 아니지.","그치? 너무 지친다, 이제. 헤어져야 하나 싶어.","음... 그래도 한번 진지하게 대화는 해봐.","알았어. 조언 고마워.","별말을. 힘내."
g_137,"오늘 점심 뭐 먹지? 어제 집에서 김치볶음밥 해 먹었는데, 생각보다 너무 맛있었어.","ㅋㅋ 그럼 오늘은 외식하자. 파스타 어때?","오, 좋다! 느끼한 거 땡겼는데.","회사 근처에 새로 생긴 파스타 집 있는데, 거기 가볼까? 리뷰 좋던데.","그래! 좋아. 이따 12시에 보자.","응, 오케이."
g_138,"나 이번 주말에 부산으로 여행 가!","우와, 진짜? 갑자기?","응. 그냥 바다가 보고 싶어서. KTX 표 바로 끊었어.","대박, 멋있다. 혼자 가는 거야?","응. 혼자 가서 생각 정리도 좀 하고 오려고.","좋겠다. 재밌게 놀다 와. 사진 많이 찍고.","당연하지. ㅋㅋ 선물 사 올게.","헐, 진짜? 기대하고 있을게. ㅋㅋ"
g_139,"요즘 자기 전에 유튜브로 먹방 보는 게 낙이야.","ㅋㅋ 나도. 그거 보고 있으면 괜히 배부른 것 같고, 대리만족 되잖아.","인정. ㅋㅋ 어제는 쯔양 치킨 먹방 봤는데, 진짜 미치는 줄 알았어.","헐, 나도 그거 봤는데! 진짜 맛있게 먹더라.","그치? 오늘 저녁은 무조건 치킨이다.","ㅋㅋ 좋아. 나도 오늘 치킨 먹어야겠다.","우리 이따 치킨 먹고 인증샷 보내주기, 콜?","콜! ㅋㅋ"
g_140,"벌써 6월이네. 올해도 반이나 지났어.","그러게 말이야. 시간 진짜 빠르다. 연초에 세운 계획은 다 지켰어?","아니... 다이어트 성공하겠다던 내 다짐은 어디로 갔을까. ㅋㅋ","ㅋㅋ 나도 마찬가지야. 괜찮아, 아직 6개월이나 남았잖아.","그런가? ㅋㅋ 다시 한번 힘내서 시작해볼까.","그래! 우리 같이 헬스장이라도 끊을까?","헐, 좋아! 같이 하면 더 열심히 할 수 있을 것 같아.","그럼 이번 주말에 한번 알아보고 상담받으러 가자.","응! 좋아."
g_141,"너 혹시 독립할 생각 없어?","나야 맨날 하고 싶지. 근데 돈이 없어서...","인정. ㅠㅠ 서울 집값은 너무 비싸.","그러게 말이야. 언제쯤 돈 모아서 독립할 수 있을까.","우리 힘내자. ㅠㅠ 언젠간 할 수 있겠지.","응. 우리 꼭 성공해서 옆집 살자. ㅋㅋ","헐, 완전 좋아! ㅋㅋ 생각만 해도 재밌겠다.","그치?"
g_142,"오늘 아침에 출근하는데, 외국인이 길을 물어봐서 알려줬어.","헐, 진짜? 영어로?","응. ㅋㅋ 짧은 영어로 겨우 설명해줬네.","대박, 멋있다. 나였으면 그냥 지나쳤을 텐데.","아니야, 너도 할 수 있어. 그냥 아는 단어 총동원해서 말하면 돼. ㅋㅋ","그런가? ㅋㅋ 괜히 뿌듯했겠다.","응. ㅋㅋ 조금?"
g_143,"요즘 재밌는 웹툰 뭐 있어? 볼 게 없네.","나 '마루는 강쥐' 보는데, 완전 귀여워. 힐링 돼.","아, 그거! 나도 알아. 그림체 완전 귀엽더라.","응. 내용도 따뜻하고 재밌어. 추천해.","알았어. 오늘부터 정주행 시작이다.","ㅋㅋ 재밌게 봐.","응. 고마워."
g_144,"어제 친구가 결혼한다고 청첩장을 줬는데, 기분이 되게 이상했어.","아, 진짜? 이제 우리도 다 결혼할 나이인가 봐.","그러게 말이야. ㅋㅋ 부럽기도 하고, 나는 언제쯤 가나 싶고.","인정. ㅋㅋ 축의금은 얼마 할 거야?","음... 친한 친구니까 10만 원은 해야겠지?","그런가. 나도 참고해야겠다.","응. ㅋㅋ"
g_145,"이번 주말에 뭐 해?","나 한강으로 피크닉 가기로 했어.","우와, 진짜? 날씨도 좋을 텐데, 재밌겠다.","응. ㅋㅋ 가서 맛있는 것도 먹고, 사진도 많이 찍고 오려고.","좋겠다. ㅠㅠ 나도 가고 싶다.","다음엔 같이 가자. ㅋㅋ","응! 약속!","그래. ㅋㅋ"
g_146,"오늘 점심 뭐 먹지? 어제 야근하고 집 가서 라면 끓여 먹었더니, 속이 안 좋아.","헐, 고생했네. 그럼 오늘은 든든한 거 먹자. 국밥 어때?","오, 좋다. 순대국밥 먹고 싶다.","그래, 그럼 순대국밥 먹으러 가자.","응, 좋아. 이따 12시에 봐.","오케이."
g_147,"너 혹시 강아지 키워?","아니, 나는 고양이 키워. 왜?","아, 진짜? 나 강아지 키우고 싶은데, 고민 중이거든.","오, 진짜? 강아지 너무 귀엽지. 근데 생각보다 손이 많이 가.","그런가? ㅠㅠ 그래도 키우고 싶어.","신중하게 결정해야 돼. 평생 책임져야 하는 거니까.","응, 알아. 조언 고마워.","별말을."
g_148,"오늘따라 커피가 유난히 쓰게 느껴지네.","왜? 무슨 일 있어?","아니... 그냥 좀 피곤해서 그런가 봐.","ㅉㅉ. 어제 또 늦게 잤지?","응... 유튜브 보다가. ㅋㅋ","내가 그럴 줄 알았어. 오늘은 꼭 일찍 자.","알았어. ㅋㅋ 잔소리쟁이.","흥."
g_149,"우리 이번 달 말에 월급 타면, 쇼핑하러 갈까?","헐, 완전 좋지! 나 마침 사고 싶었던 옷 있었는데.","진짜? 어떤 거?","그냥 뭐... 원피스? 봄이니까 샤랄라한 걸로. ㅋㅋ","오, 예쁘겠다. 나도 가서 예쁜 옷 득템해야지.","그래. ㅋㅋ 우리 그날은 돈 걱정하지 말고 쓰자.","콜! ㅋㅋ 생각만 해도 신난다.","그러게."
g_150,"벌써 목요일이네. 내일만 버티면 주말이다.","인정. 이번 주는 유난히 길게 느껴졌어.","그러게 말이야. 주말에 뭐 할 거야?","나는 남자친구랑 데이트해야지. ㅋㅋ","좋겠다. ㅠㅠ 나는 약속 없는데.","왜? 없어?","응... 그냥 집에서 쉬려고.","그래, 푹 쉬어. ㅋㅋ 그것도 좋지.","응."
g_151,"어제 밤에 천둥번개 엄청 치지 않았어?","맞아! 자다가 깜짝 놀라서 깼잖아.","나도. ㅋㅋ 무슨 전쟁 난 줄 알았네.","인정. ㅋㅋ 비도 엄청 오고.","오늘 아침까지 오는 줄 알고 걱정했는데, 다행히 그쳤더라.","그러게. 날씨는 완전 좋네.","응. ㅋㅋ"
g_152,"요즘 '최애의 아이'라는 애니메이션에 빠졌어.","아, 그거! 나도 알아. 완전 재밌다며?","응, 꼭 봐. 내용도 신선하고, 노래도 완전 좋아.","그래? 나도 한번 봐볼까. 어디서 볼 수 있어?","나는 넷플릭스에서 봤어.","아, 그렇구나. 알았어, 고마워!","ㅋㅋ 재밌게 봐.","응."
g_153,"나 어제 미용실 가서 머리 잘랐어. 어때? 괜찮아?","헐, 대박! 완전 잘 어울리는데?","진짜? 다행이다. 너무 짧게 자른 것 같아서 걱정했는데.","아니야, 훨씬 어려 보여. 귀여워. ㅋㅋ","진짜? 고마워. ㅋㅋ 기분 좋다.","헤헤. 잘 잘랐네.","응. ㅋㅋ"
g_154,"요즘 회사 일이 너무 힘들어서 번아웃 온 것 같아.","헐, 어떡해. 괜찮아?","응... 그냥 아무것도 하기 싫고, 무기력해.","그럴 땐 좀 쉬어줘야 돼. 억지로 하려고 하면 더 힘들어.","알아. ㅠㅠ 그래서 다음 주에 연차 썼어.","잘했어. 푹 쉬면서 재충전하고 와.","응, 그래야지. 고마워.","별말을. 힘내."
g_155,"이번 주말에 뭐 특별한 계획 있어?","나 친구들이랑 호캉스 가기로 했어.","우와, 진짜? 좋겠다! 어디로 가는데?","서울에 있는 호텔인데, 수영장도 있고 좋대.","완전 부럽다. 나도 호캉스 가고 싶다.","너도 가! ㅋㅋ 요즘 좋은 데 많잖아.","그런가? 한번 알아봐야겠다.","응. ㅋㅋ 가서 푹 쉬고 와야지.","재밌게 놀다 와. ㅋㅋ"
g_156,"오늘 점심 뭐 먹을까? 어제 저녁에 피자를 먹었더니, 좀 매콤한 게 땡기네.","그럼 낚지볶음 어때?","오, 좋다! 밥에 쓱쓱 비벼 먹으면 완전 맛있겠다.","그치? 그럼 회사 앞에 있는 낚지볶음 집으로 가자.","그래, 좋아. 12시에 나가자.","응, 이따 봐.","오케이."
g_157,"너 혹시 자취해?","응, 나 자취한 지 꽤 됐어. 왜?","나도 이번에 독립하려고 하는데, 뭐부터 준비해야 할지 막막해서.","아, 진짜? 제일 먼저 집부터 구해야지. ㅋㅋ","그건 그렇지. ㅋㅋ 집 구할 때 팁 같은 거 있어?","음... 무조건 발품 많이 파는 게 좋아. 그리고 햇빛 잘 드는 곳으로 구해.","아, 그렇구나. 알았어, 고마워!","궁금한 거 있으면 또 물어봐. ㅋㅋ","응, 고마워!"
g_158,"오늘따라 유난히 피곤하다. 어제 일찍 잤는데도.","왜? 무슨 일 있었어?","아니... 그냥 날씨가 흐려서 그런가.","그런가 봐. 나도 오늘따라 몸이 축 처지네.","우리 퇴근하고 마사지나 받으러 갈까?","헐, 완전 좋지! 피로가 싹 풀릴 것 같아.","그치? 내가 잘하는 곳 아는데, 예약할까?","응! 좋아. 얼마인데?","1시간에 4만 원이었던 것 같아.","오, 저렴하다! 바로 예약해 줘.","알았어. ㅋㅋ"
g_159,"이번 달 카드값이 왜 이렇게 많이 나왔지. 나 뭐 쓴 것도 없는데.","나도... 월급은 통장을 스쳐 지나갈 뿐.","인정. ㅠㅠ 우리 다음 달부터는 진짜 아껴 쓰자.","그래. ㅋㅋ 가계부라도 써야 되나.","그것도 좋은 방법이겠다. 한번 도전해볼까?","좋아! 같이 하자. ㅋㅋ 서로 검사해주기.","헐, 그건 좀... ㅋㅋ","농담이야. ㅋㅋ"
g_160,"벌써 8월이네. 휴가철이라 그런지, 길에 사람이 없다.","그러게. 다들 놀러 갔나 봐. 부럽다.","인정. ㅠㅠ 우리는 언제쯤 휴가 갈 수 있을까.","글쎄... 9월쯤에는 갈 수 있지 않을까?","그랬으면 좋겠다. 휴.","우리 조금만 더 힘내자.","응. 파이팅!"
g_161,"오늘따라 하늘이 진짜 예쁘다. 구름 한 점 없네.","그러게. 완전 가을 하늘이야.","인정. 이런 날은 진짜 어디론가 훌쩍 떠나고 싶다.","맞아. ㅠㅠ 현실은 사무실이지만.","슬프다. ㅋㅋ 우리 점심 먹고 산책이라도 할까?","좋아! 광합성 좀 해야지.","응. ㅋㅋ 빨리 점심시간 됐으면.","그러게."
g_162,"요즘 재밌는 드라마 뭐 해?","'이상한 변호사 우영우' 완전 재밌어.","아, 그거! 박은빈 나오는 거 맞지?","응. 연기도 너무 잘하고, 내용도 따뜻해서 힐링 돼.","그래? 나도 한번 봐야겠다.","응, 꼭 봐. 후회 안 할 걸. ㅋㅋ","알았어. 오늘부터 시작이다.","ㅋㅋ 재밌게 봐."
g_163,"나 어제 길 가다가 5만 원 주웠어.","헐, 진짜? 대박! 웬일이야.","그치? 이걸로 뭐 할까?","맛있는 거 사 먹어! ㅋㅋ","그래야겠다. 오늘 저녁에 내가 쏜다.","헐, 진짜? 완전 좋지! 뭐 사줄 건데?","음... 소고기? ㅋㅋ","대박! 당연히 콜이지.","ㅋㅋ 이따 퇴근하고 연락해.","응, 고마워!"
g_164,"요즘 회사에 신입사원이 들어왔는데, 너무 귀여워.","오, 진짜? 남자야, 여자야?","남자. ㅋㅋ 완전 싹싹하고, 일도 열심히 하고.","좋겠다. ㅋㅋ 우리 팀에도 그런 신입 좀 들어왔으면.","그러게. ㅋㅋ 덕분에 요즘 회사 다닐 맛 난다.","부럽다. ㅠㅠ","헤헤."
g_165,"이번 주말에 뭐 해?","나 친구 생일이라 파티해줘야 돼.","우와, 재밌겠다. 무슨 파티?","그냥 소소하게 우리 집에서 모여서 맛있는 거 해 먹고, 게임하고 놀기로 했어.","좋겠다. ㅠㅠ 나도 친구들이랑 파티하고 싶다.","너도 해! ㅋㅋ 재밌잖아.","그런가. 한번 추진해봐야겠다.","응. ㅋㅋ"
g_166,"오늘 점심 뭐 먹지? 어제 술을 많이 마셨더니, 해장이 필요해.","그럼 쌀국수 어때? 국물이 시원해서 해장으로 딱인데.","오, 좋다! 뜨끈하고 시원하고.","그치? 회사 근처에 맛있는 쌀국수 집 있는데, 거기로 가자.","그래, 좋아. 12시에 나가자.","응, 이따 봐.","오케이."
g_167,"너 혹시 당근마켓 해봤어?","응, 해봤지. 왜?","나도 한번 해보려고 하는데, 어떻게 하는지 잘 몰라서.","아, 진짜? 별로 안 어려워. 그냥 팔 물건 사진 찍어서 올리고, 가격 정하면 돼.","그런 거야? 직거래는 어떻게 해?","그냥 채팅으로 약속 잡고, 만나서 물건 주고 돈 받으면 돼.","아하, 그렇구나. 알았어, 고마워!","천만에. ㅋㅋ"
g_168,"오늘따라 화장이 너무 잘 먹어서 기분이 좋다.","오, 진짜? 어디 한번 보자.","어때? 괜찮지? ㅋㅋ","응, 완전 찰떡인데? 예쁘다.","진짜? 고마워. ㅋㅋ 이런 날은 약속이라도 잡아야 되는데.","그러게. ㅋㅋ 우리 퇴근하고 급만남이라도 할까?","헐, 좋아! 어디서 볼까?","강남역 어때?","콜! ㅋㅋ 이따 연락해.","응."
g_169,"이번 달은 유난히 돈을 많이 쓴 것 같아. 카드값 걱정된다.","나도... 경조사가 너무 많았어.","인정. ㅠㅠ 다음 달은 진짜 허리띠 졸라매야겠다.","그래야지. 우리 점심은 도시락 싸서 다니자.","헐, 그건 좀... ㅋㅋ","농담이야. ㅋㅋ 그냥 좀 아껴 쓰자.","응. ㅋㅋ"
g_170,"벌써 9월이네. 진짜 가을인가 봐. 아침저녁으로 쌀쌀해.","맞아. 이제 슬슬 긴팔 꺼내 입어야겠어.","그러게. 나는 가을이 제일 좋더라. 날씨도 선선하고, 하늘도 예쁘고.","나도. ㅋㅋ 가을은 짧으니까, 마음껏 즐겨야 돼.","인정. 우리 주말에 단풍 구경이라도 갈까?","헐, 좋아! 어디로 갈까?","음... 설악산? ㅋㅋ","너무 먼 거 아니야? ㅋㅋ 그냥 가까운 공원 가자.","알았어. ㅋㅋ"
g_171,"주말에 뭐 했어?","나 영화 '공조2' 보고 왔어.","오, 진짜? 어땠어? 현빈이랑 유해진 조합 여전히 재밌어?","응, 완전. ㅋㅋ 다니엘 헤니도 나와서 눈 호강 제대로 했잖아.","헐, 대박! 나도 그거 보려고 했는데.","ㅋㅋ 꼭 봐. 완전 재밌어.","알았어! 이번 주에 꼭 봐야지.","그래. ㅋㅋ"
g_172,"요즘 날씨가 너무 좋아서, 자꾸 어디론가 놀러 가고 싶어.","인정. 회사에만 있기 너무 아까운 날씨야.","그러게. 우리 반차라도 쓰고 놀러 갈까?","헐, 완전 좋지! 언제 쓸까?","음... 금요일 오후? 불금 제대로 즐기는 거지. ㅋㅋ","대박, 생각만 해도 신난다. 그럼 금요일에 반차 쓰자.","그래! ㅋㅋ 어디 갈지는 그때 정하자.","오케이!"
g_173,"나 어제 남자친구랑 1주년이었어.","헐, 진짜? 벌써? 축하해!","고마워. ㅋㅋ 시간 진짜 빠른 것 같아.","그러게. 뭐 특별한 거 했어?","응, 레스토랑 가서 칼질 좀 하고 왔지. ㅋㅋ 선물도 받고.","우와, 좋았겠다. 무슨 선물 받았는데?","목걸이! 완전 내 스타일이야.","대박, 부럽다. ㅠㅠ 오래오래 예쁘게 사귀어.","고마워. ㅋㅋ"
g_174,"요즘 너무 바빠서 책을 한 권도 못 읽었네.","나도... 이러다 바보 되는 거 아니야? ㅋㅋ","ㅋㅋ 우리 주말에 도서관이라도 갈까?","도서관? 좋아! 가서 책도 읽고, 공부도 하고.","그래. 오랜만에 가니까 좋을 것 같아.","응. 그럼 토요일 오전에 갈까?","좋아. 도서관 앞에서 보자.","응."
g_175,"이번 주 회식 장소 정해야 되는데, 어디가 좋을까?","음... 다들 좋아할 만한 곳으로 가야 하니까, 고깃집이 제일 무난하지 않을까?","그런가? 근데 지난번에도 고기 먹어서...","아, 맞다. 그럼 횟집은 어때?","오, 좋다! 신선한 회에 소주 한잔하면 다들 좋아하겠다.","그치? 그럼 내가 괜찮은 횟집 한번 알아볼게.","응, 부탁해! 고마워.","천만에."
g_176,"오늘 점심 뭐 먹지? 어제 치킨 먹었더니, 좀 개운한 게 땡기네.","그럼 부대찌개 어때? 라면 사리 넣어서 먹으면 맛있겠다.","헐, 완전 좋지. 생각만 해도 군침 도네.","ㅋㅋ 그럼 회사 앞에 있는 부대찌개 집으로 가자.","그래, 좋아. 12시에 나가자.","응, 이따 봐.","오케이."
g_177,"너 혹시 '무한도전' 다시 보기 해?","당연하지! 나는 아직도 '무도'가 제일 웃긴 것 같아.","인정. ㅋㅋ 나는 어제 '돈 가방을 갖고 튀어라' 편 봤는데, 진짜 배꼽 빠지는 줄 알았어.","헐, 나도 그거 완전 좋아하는데! 레전드 편이지.","그치? ㅋㅋ 다시 봐도 재밌어.","맞아. '무도' 같은 예능이 또 나왔으면 좋겠다.","그러게 말이야. ㅠㅠ"
g_178,"오늘따라 몸이 왜 이렇게 찌뿌둥하지. 운동 부족인가.","그런가 봐. 나도 요즘 계속 앉아만 있었더니, 온몸이 뻐근하네.","우리 퇴근하고 공원 가서 좀 걸을까?","좋아! 땀 흘리고 나면 개운할 것 같아.","응. 그럼 퇴근하고 회사 앞에서 바로 만나자.","알았어. 몇 시쯤?","음... 6시 반?","오케이. 이따 봐.","응."
g_179,"이번 달은 월급이 왜 이렇게 빨리 사라졌지. 분명히 아껴 쓴 것 같은데.","나도... 뭐 산 것도 없는데, 왜 돈이 없지.","인정. ㅠㅠ 다음 달엔 진짜 가계부 써야겠다.","그래, 우리 꼭 쓰자. ㅋㅋ 안 그러면 답이 없어.","응. ㅋㅋ 파이팅!","파이팅..."
g_180,"벌써 10월이네. 다음 주면 추석 연휴다.","인정. 시간 진짜 빠르다. 추석 때 뭐 해?","나는 본가 내려가야지. 가서 맛있는 거 많이 먹고 와야지. ㅋㅋ 너는?","나는 이번엔 그냥 서울에 있으려고.","오, 진짜? 왜?","그냥... 내려가면 피곤하기만 하고. ㅋㅋ 그냥 푹 쉬고 싶어서.","그것도 좋네. ㅋㅋ 그럼 연휴 때 한번 볼까?","헐, 좋아! 언제?","음... 추석 당일 저녁 어때?","콜! ㅋㅋ 그때 보자.","응."
g_181,"주말 잘 보냈어?","응, 나는 친구들이랑 '이스케이프 룸' 카페 다녀왔어.","오, 진짜? 그거 재밌다던데! 어땠어?","응, 완전 재밌었어. 시간 가는 줄 모르고 문제 풀었네. ㅋㅋ","대박, 나도 한번 해보고 싶다.","ㅋㅋ 너도 가봐. 머리 쓰는 거 좋아하면 재밌을 거야.","알았어. 나중에 남자친구랑 가봐야겠다.","그래. ㅋㅋ"
g_182,"오늘 날씨 완전 가을이다. 하늘도 높고, 바람도 선선하고.","그러게. 이런 날은 진짜 테라스 있는 카페 가서 커피 마셔야 되는데.","인정. 우리 점심 먹고 잠깐 근처 카페라도 다녀올까?","헐, 완전 좋지! 밥 빨리 먹고 가자.","그래! ㅋㅋ 내가 예쁜 카페 알아볼게.","응, 좋아.","기대된다. ㅋㅋ"
g_183,"나 어제 '스트릿 맨 파이터' 첫 방송 봤는데, 완전 대박이야.","아, 진짜? 어땠어? '스우파'만큼 재밌어?","응, 완전. 남자 댄서들이라 그런지, 춤 스타일도 다르고 멋있더라.","헐, 나도 봐야겠다.","ㅋㅋ 꼭 봐. 완전 빠져들 걸.","알았어. 오늘 퇴근하고 바로 봐야지.","그래. ㅋㅋ 보고 얘기하자.","응!"
g_184,"요즘 회사 일이 너무 많아서, 매일 야근이야. ㅠㅠ","헐, 어떡해. 힘들겠다.","응... 몸도 마음도 너무 지친다.","너무 무리하지 마. 그러다 병나.","알았어. 걱정해 줘서 고마워.","내가 뭐 도와줄 일 없어?","아니야, 괜찮아. 마음만으로도 고마워.","그래. 힘내. 주말에 맛있는 거 먹으러 가자.","고마워. ㅠㅠ"
g_185,"이번 주말에 뭐 해?","나 부모님이랑 같이 등산 가기로 했어.","오, 진짜? 좋은 딸이네. ㅋㅋ","ㅋㅋ 오랜만에 같이 시간 보내려고.","좋겠다. 재밌게 다녀와.","응, 고마워. 너는 주말에 뭐 해?","나는 친구랑 영화 보려고.","오, 무슨 영화?","'헌트'! 이정재랑 정우성 나온다고 해서 기대 중이야.","아, 나도 그거 보고 싶은데! 재밌게 봐.","응. ㅋㅋ"
g_186,"오늘 점심 뭐 먹지? 어제 회식 때 술을 너무 많이 마셔서, 해장이 시급해.","그럼 순댓국 어때? 뜨끈한 국물에 밥 말아 먹으면 속 확 풀릴 텐데.","헐, 완전 좋지. 생각만 해도 침 고인다.","ㅋㅋ 그럼 회사 앞에 있는 순댓국 집으로 가자.","그래, 좋아. 12시에 나가자.","응, 이따 봐.","오케이."
g_187,"너 혹시 '오늘의 집' 어플 써봤어?","응, 써봤지. 왜?","나 이번에 이사 가서, 방 꾸미려고 하는데 참고 좀 하려고.","아, 진짜? 그거 완전 유용해. 다른 사람들 인테리어 구경하는 재미가 쏠쏠해.","그치? ㅋㅋ 예쁜 소품도 많고.","맞아. 그거 보고 있으면 시간 가는 줄 몰라.","인정. ㅋㅋ 나도 빨리 예쁘게 꾸미고 싶다.","ㅋㅋ 재밌겠다."
g_188,"오늘따라 화장이 너무 안 받네. 피부가 다 들떴어.","헐, 왜? 어제 뭐 잘못 먹었어?","아니... 그냥 환절기라 그런가 봐.","그런가 보다. 이럴 땐 수분 크림 듬뿍 바르고 자야 돼.","알았어. ㅠㅠ 오늘 집에 가서 팩이라도 해야겠다.","응. 피부 관리 잘해.","너도. ㅋㅋ"
g_189,"이번 달은 왜 이렇게 돈 들어갈 곳이 많지? 친구 결혼식에, 부모님 생신에...","나도... 월급이 그냥 스쳐 지나가네.","인정. ㅠㅠ 다음 달은 진짜 손가락만 빨고 살아야겠다.","그러게 말이야. 우리 점심값이라도 아껴야 되나.","ㅋㅋ 도시락 싸서 다닐까?","에이, 그건 좀. ㅋㅋ 그냥 커피를 줄이자.","그래, 그게 낫겠다.","응. ㅋㅋ"
g_190,"벌써 11월이네. 올해도 진짜 얼마 안 남았다.","그러게. 연초에 세웠던 계획, 다들 잘 지키고 있어?","아니... 나는 하나도 못 지킨 것 같은데. ㅋㅋ","나도 마찬가지야. ㅋㅋ 내년부터 다시 시작해야지.","ㅋㅋ 매년 반복이야.","그래도 내년엔 꼭 성공하자.","그래! ㅋㅋ 파이팅!","아자!"
g_191,"어제 밤에 잠을 설쳤더니, 너무 피곤하다.","헐, 왜? 무슨 일 있었어?","아니, 그냥... 생각이 많아서.","무슨 생각? 고민 있어?","응, 조금. 그냥 뭐... 진로 문제.","아, 그렇구나. 혼자 끙끙 앓지 말고, 나한테 털어놔.","고마워. ㅠㅠ 이따 저녁에 잠깐 볼 수 있을까?","당연하지. 내가 맛있는 거 사줄게.","응, 고마워."
g_192,"요즘 날씨가 너무 추워졌어. 진짜 겨울이 오려나 봐.","그러게. 어제 퇴근하는데, 손이 너무 시렵더라.","인정. 이제 장갑이랑 목도리 필수야.","응. 너도 옷 따뜻하게 입고 다녀.","당연하지. 너도. 우리 오늘 저녁엔 따뜻한 어묵탕에 소주 한잔할까?","헐, 완전 좋지! 생각만 해도 몸이 녹는 것 같아.","그치? 그럼 퇴근하고 바로 만나자.","응, 좋아. 이따 봐."
g_193,"나 어제 소개팅했는데, 완전 망했어.","헐, 진짜? 왜?","상대방이 너무 내 스타일이 아니었어.","아, 진짜? 어떻게?","그냥 뭐... 외모도 그렇고, 말하는 것도 그렇고.","아이고, 어떡해. 고생했네.","응. 시간만 버리고 왔네.","잊어버려. 더 좋은 사람 나타날 거야.","그랬으면 좋겠다. 휴."
g_194,"요즘 재밌는 게임 뭐 없을까? 할 만한 게 없네.","나 '동물의 숲' 하는데, 완전 재밌어.","아, 그거! 닌텐도로 하는 거 맞지?","응. 아기자기하고, 힐링 돼. 추천해.","나도 한번 해보고 싶다. 닌텐도부터 사야겠네. ㅋㅋ","ㅋㅋ 한번 사봐. 후회 안 할 걸.","알았어. 고민해볼게.","응."
g_195,"이번 주말에 뭐 해?","나 김장해야 돼. 엄마가 도와달라고 해서.","헐, 대박. 힘들겠다.","응... 허리 끊어질 것 같아.","그래도 하고 나면 뿌듯하잖아. ㅋㅋ 수육도 먹고.","그건 그래. ㅋㅋ 너 김장 다 하면 놀러 와. 수육 해줄게.","헐, 진짜? 완전 좋지! 당연히 가야지.","ㅋㅋ 알았어. 토요일 저녁에 와.","응, 고마워!"
g_196,"오늘 점심 뭐 먹지? 어제 과음했더니, 얼큰한 게 땡기네.","그럼 짬뽕 어때? 고추짬뽕으로.","헐, 완전 좋지. 땀 흘리면서 먹으면 해장될 것 같아.","그치? 그럼 회사 앞에 있는 중국집으로 가자.","그래, 좋아. 12시에 나가자.","응, 이따 봐.","오케이."
g_1<strong><em>**</em></strong>197,"너 혹시 MBTI가 뭐야?","나 ISTP. 너는?","나는 ENFP! 완전 정반대네. ㅋㅋ","그러게. ㅋㅋ 근데 신기하게 잘 맞아.","인정. ㅋㅋ 서로 다른 매력에 끌리는 건가.","그런가 봐. ㅋㅋ 그래도 너무 맹신하지는 말자.","당연하지! 재미로 보는 거지.","응."
g_198,"오늘따라 일이 너무 하기 싫다. 집중도 안 되고.","나도 그래. 월요병인가 봐.","그런가 봐. 벌써부터 퇴근하고 싶다.","인정. ㅋㅋ 우리 점심 먹고 잠깐 산책이라도 하고 올까?","좋아! 바람 쐬면 좀 나아지겠지.","응. 빨리 점심시간이나 됐으면.","그러게."
g_199,"이번 달에도 월급 받자마자 카드값으로 다 나가겠네.","나도... 언제쯤 돈 걱정 안 하고 살 수 있을까.","그러게 말이야. 우리 부자 돼서 세계 여행이나 다니자.","헐, 완전 좋지! ㅋㅋ 상상만 해도 행복하다.","그치? ㅋㅋ 우리 그날을 위해 열심히 돈 벌자.","그래! 파이팅!","파이팅!"
g_200,"벌써 12월이네. 크리스마스도 얼마 안 남았어.","그러게. 이번 크리스마스에는 뭐 할 거야?","나는 그냥 집에서 가족들이랑 보낼 것 같아. 너는?","나는 남자친구랑 스키장 가기로 했어.","우와, 재밌겠다! 사진 많이 찍어 와.","당연하지. ㅋㅋ 너도 가족들이랑 좋은 시간 보내.","응, 고마워. 메리 크리스마스!","너도!"